{
  "Component-preload.js.map": 1751704059614,
  "Component.js": 1751290704842,
  "controller/View3.controller.js": 1751290000318,
  "controller/View1.controller.js": 1750190812291,
  "controller/Success.controller.js": 1751287304927,
  "controller/App.controller.js": 1751289998306,
  "manifest.json": 1751639745118,
  "model/models.js": 1747325017806,
  "Component-dbg.js": 1751290704842,
  "Component.js.map": 1751704059467,
  "controller/View3-dbg.controller.js": 1751290000318,
  "controller/View3.controller.js.map": 1751704059466,
  "controller/View1-dbg.controller.js": 1750190812291,
  "controller/View1.controller.js.map": 1751704059478,
  "controller/Success-dbg.controller.js": 1751287304927,
  "controller/Success.controller.js.map": 1751704059506,
  "controller/App-dbg.controller.js": 1751289998306,
  "controller/App.controller.js.map": 1751704059468,
  "model/models-dbg.js": 1747325017806,
  "model/models.js.map": 1751704059469,
  "Component-preload.js": 1751704059614,
  "i18n/i18n.properties": 1747325017802,
  "view/View3.view.xml": 1751289817565,
  "view/View1.view.xml": 1751285778122,
  "view/Success.view.xml": 1751287484024,
  "view/App.view.xml": 1751289994658,
  "css/style.css": 1748447026320,
  "index.html": 1749812976777
}